Backjunction	5'_Splice_Site_(Sense_Strand)	3'_Splice_Site_(Sense_Strand)	Count	Sense_Score	U2_Score	5'_Position_(Sense_Strand)	3'_Position_(Sense_Strand)	Max_CircRNA_Size	Colocalized_Gene	Longest_Common_Kmer	Common_Sequences	Chromosome	Identifiers_Of_The_Reads
CAAGAAAGACCCGGATTTACGCTCCCCTCT	GACCUACCGUUCUUACAGAAGGACCCCCGG	CAAGAAAGACCCGGAGAAGACACCCUUGCU	3	2.0	0.2	5047	5334	287	['Unknown']	5	['AGAAG', 'GACCC', 'CCCGG']	alvfasta	['SRR7719537.5380530.1', 'SRR7719537.21879318.1', 'SRR7719537.45111.1']
GCAGCCAGGGAACCTTTGGATTGCATTTCT	UUGCAGGCAUUUCUGACUGGAUACCCUGGG	GCAGCCAGGGAACCUUUGGAUUACAUGGGC	239	2.0	0	5260	5451	191	['Unknown']	5	['UGGAU']	alvfasta	['SRR7719537.214559.1', 'SRR7719537.230141.1', 'SRR7719537.519830.1', 'SRR7719537.844465.1', 'SRR7719537.1038451.1', 'SRR7719537.2814879.1', 'SRR7719537.2947984.1', 'SRR7719537.3097885.1', 'SRR7719537.3147116.1', 'SRR7719537.3197948.1', 'SRR7719537.3247487.1', 'SRR7719537.3400080.1', 'SRR7719537.3772199.1', 'SRR7719537.4109291.1', 'SRR7719537.4620304.1', 'SRR7719537.4783771.1', 'SRR7719537.4878211.1', 'SRR7719537.5144027.1', 'SRR7719537.5705308.1', 'SRR7719537.5816004.1', 'SRR7719537.5835143.1', 'SRR7719537.5979839.1', 'SRR7719537.6240215.1', 'SRR7719537.6947749.1', 'SRR7719537.7040522.1', 'SRR7719537.7191119.1', 'SRR7719537.7270251.1', 'SRR7719537.8204391.1', 'SRR7719537.8471456.1', 'SRR7719537.8535868.1', 'SRR7719537.8879704.1', 'SRR7719537.9049532.1', 'SRR7719537.9515229.1', 'SRR7719537.9518255.1', 'SRR7719537.9590941.1', 'SRR7719537.9658795.1', 'SRR7719537.9996729.1', 'SRR7719537.10451173.1', 'SRR7719537.10563162.1', 'SRR7719537.10612187.1', 'SRR7719537.12575639.1', 'SRR7719537.12857129.1', 'SRR7719537.12893656.1', 'SRR7719537.13511271.1', 'SRR7719537.13561411.1', 'SRR7719537.14267266.1', 'SRR7719537.14275129.1', 'SRR7719537.14298294.1', 'SRR7719537.14424910.1', 'SRR7719537.14787943.1', 'SRR7719537.15043943.1', 'SRR7719537.15357060.1', 'SRR7719537.15405970.1', 'SRR7719537.15558129.1', 'SRR7719537.15960773.1', 'SRR7719537.16086575.1', 'SRR7719537.16362224.1', 'SRR7719537.16374199.1', 'SRR7719537.16532500.1', 'SRR7719537.16873838.1', 'SRR7719537.17420967.1', 'SRR7719537.17493480.1', 'SRR7719537.17549064.1', 'SRR7719537.18080918.1', 'SRR7719537.18100550.1', 'SRR7719537.18237283.1', 'SRR7719537.18420515.1', 'SRR7719537.18438523.1', 'SRR7719537.18573702.1', 'SRR7719537.19061962.1', 'SRR7719537.19063394.1', 'SRR7719537.19064001.1', 'SRR7719537.19244647.1', 'SRR7719537.19250988.1', 'SRR7719537.19276359.1', 'SRR7719537.19410523.1', 'SRR7719537.19411362.1', 'SRR7719537.19413785.1', 'SRR7719537.19610705.1', 'SRR7719537.19620811.1', 'SRR7719537.19622649.1', 'SRR7719537.19623130.1', 'SRR7719537.19953603.1', 'SRR7719537.20070214.1', 'SRR7719537.20283862.1', 'SRR7719537.20594227.1', 'SRR7719537.20725926.1', 'SRR7719537.20942771.1', 'SRR7719537.21603514.1', 'SRR7719537.21714267.1', 'SRR7719537.21880424.1', 'SRR7719537.22051701.1', 'SRR7719537.22176801.1', 'SRR7719537.22462386.1', 'SRR7719537.22518243.1', 'SRR7719537.23108002.1', 'SRR7719537.23240725.1', 'SRR7719537.23587722.1', 'SRR7719537.23589424.1', 'SRR7719537.23698465.1', 'SRR7719537.23699615.1', 'SRR7719537.23860752.1', 'SRR7719537.23947396.1', 'SRR7719537.23979924.1', 'SRR7719537.24016978.1', 'SRR7719537.24023228.1', 'SRR7719537.24452477.1', 'SRR7719537.24456432.1', 'SRR7719537.25072437.1', 'SRR7719537.25073154.1', 'SRR7719537.25373155.1', 'SRR7719537.25526309.1', 'SRR7719537.26090744.1', 'SRR7719537.26131623.1', 'SRR7719537.26272352.1', 'SRR7719537.28301173.1', 'SRR7719537.28412955.1', 'SRR7719537.28441775.1', 'SRR7719537.28692222.1', 'SRR7719537.28739280.1', 'SRR7719537.29323893.1', 'SRR7719537.29970424.1', 'SRR7719537.29995981.1', 'SRR7719537.30141198.1', 'SRR7719537.30318646.1', 'SRR7719537.30406085.1', 'SRR7719537.31068251.1', 'SRR7719537.31105780.1', 'SRR7719537.31203624.1', 'SRR7719537.31519198.1', 'SRR7719537.31807543.1', 'SRR7719537.31864430.1', 'SRR7719537.31962491.1', 'SRR7719537.32080723.1', 'SRR7719537.32115820.1', 'SRR7719537.32192700.1', 'SRR7719537.32508780.1', 'SRR7719537.32835975.1', 'SRR7719537.32842308.1', 'SRR7719537.32953012.1', 'SRR7719537.33296919.1', 'SRR7719537.33479758.1', 'SRR7719537.33768045.1', 'SRR7719537.34337665.1', 'SRR7719537.34473713.1', 'SRR7719537.34971207.1', 'SRR7719537.35082835.1', 'SRR7719537.35707779.1', 'SRR7719537.35821955.1', 'SRR7719537.35835210.1', 'SRR7719537.35855644.1', 'SRR7719537.35930326.1', 'SRR7719537.35954643.1', 'SRR7719537.35985077.1', 'SRR7719537.36032436.1', 'SRR7719537.36500281.1', 'SRR7719537.36603451.1', 'SRR7719537.36732227.1', 'SRR7719537.36929731.1', 'SRR7719537.37328176.1', 'SRR7719537.37344051.1', 'SRR7719537.37492165.1', 'SRR7719537.37746498.1', 'SRR7719537.37999835.1', 'SRR7719537.38435287.1', 'SRR7719537.38458022.1', 'SRR7719537.38605133.1', 'SRR7719537.39488939.1', 'SRR7719537.39563085.1', 'SRR7719537.39738492.1', 'SRR7719537.39918248.1', 'SRR7719537.39965363.1', 'SRR7719537.40672550.1', 'SRR7719537.41403968.1', 'SRR7719537.41730657.1', 'SRR7719537.42297221.1', 'SRR7719537.42306074.1', 'SRR7719537.42730274.1', 'SRR7719537.42754785.1', 'SRR7719537.43066855.1', 'SRR7719537.43140427.1', 'SRR7719537.43381754.1', 'SRR7719537.43421217.1', 'SRR7719537.43606979.1', 'SRR7719537.43657417.1', 'SRR7719537.43674887.1', 'SRR7719537.43779055.1', 'SRR7719537.43794144.1', 'SRR7719537.43795648.1', 'SRR7719537.43935056.1', 'SRR7719537.44143402.1', 'SRR7719537.44233854.1', 'SRR7719537.44735103.1', 'SRR7719537.45271701.1', 'SRR7719537.45281834.1', 'SRR7719537.45320876.1', 'SRR7719537.45337097.1', 'SRR7719537.45606231.1', 'SRR7719537.45608400.1', 'SRR7719537.45882762.1', 'SRR7719537.46026114.1', 'SRR7719537.47495378.1', 'SRR7719537.47926118.1', 'SRR7719537.48037782.1', 'SRR7719537.48798124.1', 'SRR7719537.48800508.1', 'SRR7719537.48933494.1', 'SRR7719537.49150425.1', 'SRR7719537.49156366.1', 'SRR7719537.49242401.1', 'SRR7719537.49362509.1', 'SRR7719537.49392796.1', 'SRR7719537.49452259.1', 'SRR7719537.49536966.1', 'SRR7719537.50097234.1', 'SRR7719537.50260144.1', 'SRR7719537.51504075.1', 'SRR7719537.51641551.1', 'SRR7719537.51655903.1', 'SRR7719537.51827822.1', 'SRR7719537.52263074.1', 'SRR7719537.52358467.1', 'SRR7719537.52566803.1', 'SRR7719537.52818104.1', 'SRR7719537.52932672.1', 'SRR7719537.53161750.1', 'SRR7719537.53365769.1', 'SRR7719537.53367671.1', 'SRR7719537.53369762.1', 'SRR7719537.53379459.1', 'SRR7719537.53380185.1', 'SRR7719537.53794259.1', 'SRR7719537.53837091.1', 'SRR7719537.53927517.1', 'SRR7719537.53945201.1', 'SRR7719537.54323547.1', 'SRR7719537.54385343.1', 'SRR7719537.55040968.1', 'SRR7719537.70087.1']
GTCAGCCACCTCCCCTTTTCAAATCACCCA	AAGUUAAACCGGACAUCACCCAAAAGGAUG	GUCAGCCACCUCCCCUUUUCAAACAUGUUU	23	2.0434782608695654	0	5197	5520	323	['Unknown']	4	['AAAC', 'ACAU', 'CACC', 'CAAA']	alvfasta	['SRR7719537.914264.1', 'SRR7719537.1100178.1', 'SRR7719537.2444482.1', 'SRR7719537.6663953.1', 'SRR7719537.9905304.1', 'SRR7719537.9906393.1', 'SRR7719537.10744418.1', 'SRR7719537.11839910.1', 'SRR7719537.14482259.1', 'SRR7719537.19111990.1', 'SRR7719537.29015952.1', 'SRR7719537.31632266.1', 'SRR7719537.35899698.1', 'SRR7719537.36719100.1', 'SRR7719537.44167489.1', 'SRR7719537.45473780.1', 'SRR7719537.48323067.1', 'SRR7719537.51415638.1', 'SRR7719537.51601068.1', 'SRR7719537.51983013.1', 'SRR7719537.55245003.1', 'SRR7719537.55246210.1', 'SRR7719537.307087.1']
GTCTCGTTAGCGATGACCAGCAACGGAGCG	GAGUGCAUCGAGAAACCAGCAACGGAGCGG	CCGUCUCGUUAGCGAUGACAAUGGAACAUA	2	2.0	0.2	898	2291	1393	['Unknown']	4	['AGCG']	alvfasta	['SRR7719537.44255298.1', 'SRR7719537.436223.1']
ATCAGGGAGGAGCTTACACCTCGGGGGGCG	GCCAGGGGGGUGACACACCUCGGGGGGCGG	GGAUCAGGGAGGAGCUUGCGAGUACAGGUC	2	2.0	0	1142	1238	96	['Unknown']	5	['CAGGG']	alvfasta	['SRR7719537.17643082.1', 'SRR7719537.437445.1']
GCCCGTGGTGGCCATACACCTCGGGGGGCG	GCCAGGGGGGUGACACACCUCGGGGGGCGG	CGCCCGUGGUGGCCAUGCCUGUAGUGAUUA	3	2.0	0	1142	1268	126	['Unknown']	4	['GCCA', 'GGUG', 'GUGA']	alvfasta	['SRR7719537.24652997.1', 'SRR7719537.24653996.1', 'SRR7719537.1052519.1']
GGAAACGGCCACACCTAGGGGATTAGGGGG	UUUUGGUUGGGAUUAGGGGGAGGGAGGGUC	GGAAACGGCCACACCUAAAACCGUUGGCAC	10	2.0	0.4	853	993	140	['Unknown']	5	['GUUGG']	alvfasta	['SRR7719537.1275894.1', 'SRR7719537.5778573.1', 'SRR7719537.8217320.1', 'SRR7719537.12896396.1', 'SRR7719537.19300529.1', 'SRR7719537.33160328.1', 'SRR7719537.37443048.1', 'SRR7719537.47590160.1', 'SRR7719537.47823545.1', 'SRR7719537.1275893.1']
GTCAGCCACCTCCCCTTTTGATAGGTATCC	CCCUCUCGAAAAGUUAAACCGGACAUCACC	GUCAGCCACCUCCCCUUUUCAAACAUGUUU	21	2.0	0.3	5187	5520	333	['Unknown']	4	['CCCU', 'CCUC', 'AAAC', 'ACAU', 'CACC']	alvfasta	['SRR7719537.3306134.1', 'SRR7719537.8618739.1', 'SRR7719537.11665836.1', 'SRR7719537.12233315.1', 'SRR7719537.13966141.1', 'SRR7719537.14437252.1', 'SRR7719537.18137653.1', 'SRR7719537.21630662.1', 'SRR7719537.21630796.1', 'SRR7719537.22916339.1', 'SRR7719537.28052129.1', 'SRR7719537.29426074.1', 'SRR7719537.33978982.1', 'SRR7719537.38529163.1', 'SRR7719537.39069404.1', 'SRR7719537.41227348.1', 'SRR7719537.50831517.1', 'SRR7719537.50835514.1', 'SRR7719537.51079578.1', 'SRR7719537.54669891.1', 'SRR7719537.1533026.1']
CGAATCGATTGGTTTTGGGGGCATTGAAGG	CUGGGGAUUGGUUUUGGGGGCAUUGAAGGC	CAACGGAGCGGCGAAUCGACAAGGGGGAGG	4	2.0	0	786	917	131	['Unknown']	5	['GGGGA', 'GGGGG']	alvfasta	['SRR7719537.5328546.1', 'SRR7719537.16252797.1', 'SRR7719537.54955261.1', 'SRR7719537.1568989.1']
CTGATAAGGTTATTTGGGTACCCTCTCGAA	UGAUAAGGUUAUUUGGGUACCCUCUCGAAA	CCGGAGAAGACACCCUUGCUGCCAACGAGA	2	2.0	0	5168	5344	176	['Unknown']	5	['ACCCU']	alvfasta	['SRR7719537.54063232.1', 'SRR7719537.1767258.1']
GTCAGCCACCTCCCCTTTTCAAACATGTTT	UGGGUACCCUCUCGAAAAGUUAAACCGGAC	GUCAGCCACCUCCCCUUUUCAAACAUGUUU	22	2.0	0.1	5181	5520	339	['Unknown']	4	['CCCU', 'CCUC', 'AAAC']	alvfasta	['SRR7719537.8829415.1', 'SRR7719537.15539026.1', 'SRR7719537.16311409.1', 'SRR7719537.17907659.1', 'SRR7719537.19601153.1', 'SRR7719537.22605515.1', 'SRR7719537.22834347.1', 'SRR7719537.27922887.1', 'SRR7719537.28269482.1', 'SRR7719537.33346487.1', 'SRR7719537.35676151.1', 'SRR7719537.35766644.1', 'SRR7719537.39752695.1', 'SRR7719537.42511352.1', 'SRR7719537.43225420.1', 'SRR7719537.43304662.1', 'SRR7719537.46813570.1', 'SRR7719537.49840901.1', 'SRR7719537.51463834.1', 'SRR7719537.52737810.1', 'SRR7719537.55244965.1', 'SRR7719537.1909540.1']
GCAGCCAGGGAACCTTTGGATTATACCCTG	UGACUGGAUACCCUGGGGAGACAAGCAAGA	GCAGCCAGGGAACCUUUGGAUUACAUGGGC	34	2.0294117647058822	0	5273	5451	178	['Unknown']	5	['UGGAU']	alvfasta	['SRR7719537.2345008.1', 'SRR7719537.7083962.1', 'SRR7719537.7716143.1', 'SRR7719537.8513706.1', 'SRR7719537.11892288.1', 'SRR7719537.12432258.1', 'SRR7719537.13352028.1', 'SRR7719537.14186051.1', 'SRR7719537.14186777.1', 'SRR7719537.17800610.1', 'SRR7719537.19075047.1', 'SRR7719537.19552479.1', 'SRR7719537.20124447.1', 'SRR7719537.26253530.1', 'SRR7719537.26857185.1', 'SRR7719537.27484059.1', 'SRR7719537.27768153.1', 'SRR7719537.28353002.1', 'SRR7719537.28531910.1', 'SRR7719537.31788380.1', 'SRR7719537.31841895.1', 'SRR7719537.32182136.1', 'SRR7719537.33132889.1', 'SRR7719537.33441801.1', 'SRR7719537.35438958.1', 'SRR7719537.47124431.1', 'SRR7719537.48578285.1', 'SRR7719537.49277949.1', 'SRR7719537.50244634.1', 'SRR7719537.50323368.1', 'SRR7719537.53465301.1', 'SRR7719537.54741760.1', 'SRR7719537.54975451.1', 'SRR7719537.2034696.1']
GGAGGAAACGGCCACAACCAGCAACGGAGC	GGAGUGCAUCGAGAAACCAGCAACGGAGCG	GAGGAAACGGCCACACCUAAAACCGUUGGC	9	2.0	0.3	897	991	94	['Unknown']	5	['GAAAC', 'AAACC', 'AACGG']	alvfasta	['SRR7719537.15720496.1', 'SRR7719537.16263298.1', 'SRR7719537.16265669.1', 'SRR7719537.17912497.1', 'SRR7719537.22650307.1', 'SRR7719537.28462248.1', 'SRR7719537.33641003.1', 'SRR7719537.47023674.1', 'SRR7719537.2103055.1']
GGCCACACCTAAAACATCTGAGCAAGCAAA	UUUUGGUUGGGAUUAGGGGGAGGGAGGGUC	GGCCACACCUAAAACCGUUGGCACAUCCUG	2	2.0	0.4	853	999	146	['Unknown']	5	['GUUGG']	alvfasta	['SRR7719537.49846315.1', 'SRR7719537.2147526.1']
TTTTCAAACATGTTTGCAACAAGCAAGAAG	AGGAGAAACCGCUAGCAACAAGCAAGAAAG	GUCAGCCACCUCCCCUUUUCAAACAUGUUU	2	2.0	0.5	5312	5520	208	['Unknown']	4	['AAAC', 'AACA']	alvfasta	['SRR7719537.32736194.1', 'SRR7719537.2192771.1']
CAACTTACCGTTCTTACAGAAGGACCCCCG	GACCUACCGUUCUUACAGAAGGACCCCCGG	UACAGGCCAAACGGAUUUCUGCCUCUCUAC	3	2.0	0.2	5047	5487	440	['Unknown']	5	['UACAG']	alvfasta	['SRR7719537.13744396.1', 'SRR7719537.51743029.1', 'SRR7719537.2206880.1']
GCAGCCAGGGAACCTTTGCAGGCATTTCTG	GAAGGACUCCAAGGAGAAACCGCUAGCAAC	GCAGCCAGGGAACCUUUGGAUUACAUGGGC	5	3.2	0.4	5301	5451	150	['Unknown']	4	['AACC']	alvfasta	['SRR7719537.2899427.1', 'SRR7719537.18614328.1', 'SRR7719537.18614880.1', 'SRR7719537.40670714.1', 'SRR7719537.2538816.1']
CTGCTATCATTGCGGAACCAGCAACGGAGC	GGAGUGCAUCGAGAAACCAGCAACGGAGCG	ACCGUUGGCACAUCCUGCUAUCAUUGCGGA	2	2.0	0.3	897	1012	115	['Unknown']	4	['CAUC', 'CGGA']	alvfasta	['SRR7719537.47494055.1', 'SRR7719537.2743005.1']
TACAGGCCAAACGGATTTCTAGTTAAACCG	GUACCCUCUCGAAAAGUUAAACCGGACAUC	UACAGGCCAAACGGAUUUCUGCCUCUCUAC	2	2.0	0.4	5184	5487	303	['Unknown']	6	['CCUCUC']	alvfasta	['SRR7719537.33883590.1', 'SRR7719537.2831059.1']
CCTGGGGATTGGTTTTGGGGGCATTGAAGG	CUGGGGAUUGGUUUUGGGGGCAUUGAAGGC	GUCAGGACCAAGGGCUUACGAUCCCCGAUC	5	2.0	0	786	1360	574	['Unknown']	4	['GGGC', 'AAGG']	alvfasta	['SRR7719537.8571496.1', 'SRR7719537.23362160.1', 'SRR7719537.23365924.1', 'SRR7719537.47580473.1', 'SRR7719537.2832057.1']
GGCTCTGCTACACTTACACACCTCGGGGGG	GGGCCAGGGGGGUGACACACCUCGGGGGGC	GUCAGGACCAAGGGCUUACGAUCCCCGAUC	2	2.0	0	1140	1360	220	['Unknown']	4	['GGGC', 'CAGG', 'AGGG']	alvfasta	['SRR7719537.16458766.1', 'SRR7719537.3071506.1']
GTCAGCCACCTCCCCTTTAAGCACCTCACA	GACUCCAAGGAGAAACCGCUAGCAACAAGC	GUCAGCCACCUCCCCUUUUCAAACAUGUUU	3	3.0	0.2	5305	5520	215	['Unknown']	4	['CUCC', 'AAAC', 'AACA']	alvfasta	['SRR7719537.3176041.1', 'SRR7719537.6315716.1', 'SRR7719537.3175896.1']
GTCAGCCACCTCCCCTTTTCAGTGTGAGGT	UCUUGUGUGAGGUUACGGGGGUAAGAGCUG	GUCAGCCACCUCCCCUUUUCAAACAUGUUU	4	2.0	0.1	5405	5520	115	['Unknown']	3	['CUU', 'UGU', 'GUU', 'AGC']	alvfasta	['SRR7719537.26220390.1', 'SRR7719537.45809058.1', 'SRR7719537.48990721.1', 'SRR7719537.3197664.1']
GAGCTGACCGTTCTTACAGAAGGACCCCCG	GACCUACCGUUCUUACAGAAGGACCCCCGG	AGACCCGGAGAAGACACCCUUGCUGCCAAC	10	2.0	0.2	5047	5340	293	['Unknown']	5	['AGAAG', 'GACCC', 'CCCGG']	alvfasta	['SRR7719537.7920335.1', 'SRR7719537.8365241.1', 'SRR7719537.11476780.1', 'SRR7719537.12026150.1', 'SRR7719537.29017007.1', 'SRR7719537.33456654.1', 'SRR7719537.46412457.1', 'SRR7719537.48218422.1', 'SRR7719537.48979843.1', 'SRR7719537.3554286.1']
GTCAGCCACCTCCCCTTTTACGGGGGTAAG	UUGCAGGCAUUUCUGACUGGAUACCCUGGG	GUCAGCCACCUCCCCUUUUCAAACAUGUUU	6	2.0	0	5260	5520	260	['Unknown']	4	['UUUC', 'CCCU']	alvfasta	['SRR7719537.11850690.1', 'SRR7719537.24329212.1', 'SRR7719537.24333193.1', 'SRR7719537.32328987.1', 'SRR7719537.33426663.1', 'SRR7719537.4101647.1']
CCGCCCGTGGTGGCCGGGCGGAACAGCCAA	UGACACACCUCGGGGGGCGGAACAGCCAAG	CCGCCCGUGGUGGCCAUGCCUGUAGUGAUU	2	2.0	0	1152	1267	115	['Unknown']	4	['GCCA']	alvfasta	['SRR7719537.12557458.1', 'SRR7719537.4201628.1']
CACCTAAAACCGTTGGAAACCAGCAACGGA	CCGGAGUGCAUCGAGAAACCAGCAACGGAG	CCACACCUAAAACCGUUGGCACAUCCUGCU	5	2.0	0.5	895	1001	106	['Unknown']	5	['AAACC']	alvfasta	['SRR7719537.42250333.1', 'SRR7719537.47250805.1', 'SRR7719537.50421312.1', 'SRR7719537.53156039.1', 'SRR7719537.4631085.1']
CAGGGAGGAGCTTGCGCCAAGGGCGGAGCC	CGGGGGGCGGAACAGCCAAGGGCGGAGCCA	GGAUCAGGGAGGAGCUUGCGAGUACAGGUC	2	2.0	0.5	1162	1238	76	['Unknown']	5	['GGAGC']	alvfasta	['SRR7719537.36075658.1', 'SRR7719537.4958198.1']
TCGTTTAAAGGGTTTGGCGGACGGAATGGC	CGUUUAAAGGGUUUGGCGGAUGGAAUGGCC	GAAUUCCCAUGCGAAAAUCCCGGGAUAUGA	2	2.0	0	1597	2507	910	['Unknown']	4	['GGAU', 'GAAU']	alvfasta	['SRR7719537.8198445.1', 'SRR7719537.5988221.1']
TAAGACCGGGGGAACTGGTTGCTCGGTTAT	AGUCCAACUACAGACGGUUAUAGCGGCAGC	UAAGACCGGGGGAACUGGUUGCUAUUACGG	2	2.0	0.3	1506	1655	149	['Unknown']	4	['AACU', 'AGAC', 'ACGG', 'GGUU']	alvfasta	['SRR7719537.25988983.1', 'SRR7719537.6027005.1']
GGTCAGGCTGCGTTAGGGCGGAGCCAGGGC	GGGCGGAACAGCCAAGGGCGGAGCCAGGGC	GGUCAGGCUGCGUUAUUAAGACCGGGGGAA	2	2.0	0.4	1166	1639	473	['Unknown']	4	['GGAA', 'CAGG']	alvfasta	['SRR7719537.41027719.1', 'SRR7719537.6042667.1']
AACGGACTAACTTGGAGGCCCCTGGGCCGG	AGGGCACGCGGGUCAGGCCCCUGGGCCGGC	GCGGGGGGAACGGACUAACUUGGAUCGUUU	3	2.0	0.4	1191	1572	381	['Unknown']	5	['GCGGG']	alvfasta	['SRR7719537.24219635.1', 'SRR7719537.30591003.1', 'SRR7719537.6346746.1']
AAGCAAGAAAGACCCTCTCGAAAAGTTAAA	AAGGUUAUUUGGGUACCCUCUCGAAAAGUU	AAGCAAGAAAGACCCGGAGAAGACACCCUU	2	2.0	0	5172	5331	159	['Unknown']	5	['ACCCU']	alvfasta	['SRR7719537.33368230.1', 'SRR7719537.7696981.1']
CTAGCCAAAATTGATCACAAGACTGGCTGA	GAGCCAAAAUUGAUCACAAGACUGGCUGAU	CCAAGGAGAAACCGCUAGCAACAAGCAAGA	2	2.0	0	1327	5309	3982	['Unknown']	5	['ACAAG', 'CAAGA']	alvfasta	['SRR7719537.46133574.1', 'SRR7719537.8006553.1']
GTGGCCATGCCTGTAGAGAAACCAGCAACG	GUCCGGAGUGCAUCGAGAAACCAGCAACGG	UGGUGGCCAUGCCUGUAGUGAUUAAGACAG	4	2.0	0.3	893	1274	381	['Unknown']	4	['AGUG']	alvfasta	['SRR7719537.11501199.1', 'SRR7719537.14953054.1', 'SRR7719537.48113794.1', 'SRR7719537.8017552.1']
GTCAGGACCAAGGGCTTACGATCCCCGATC	GGCGGAGCCAGGGCACGCGGGUCAGGCCCC	GUCAGGACCAAGGGCUUACGAUCCCCGAUC	4	2.0	0.1	1182	1360	178	['Unknown']	6	['GUCAGG']	alvfasta	['SRR7719537.28151298.1', 'SRR7719537.32391445.1', 'SRR7719537.32609175.1', 'SRR7719537.8327786.1']
ATGAGGCGAGCCCTCTTTTTACAGAAGGAC	GACCUACCGUUCUUACAGAAGGACCCCCGG	AUGAGGCGAGCCCUCUUUUUGCAGGCAUUU	4	2.0	0.2	5047	5242	195	['Unknown']	4	['UCUU']	alvfasta	['SRR7719537.9195196.1', 'SRR7719537.10962706.1', 'SRR7719537.48851630.1', 'SRR7719537.9192991.1']
GCAGCCAGGGAACCTTTGGATTACCGTTCT	GACCUACCGUUCUUACAGAAGGACCCCCGG	GCAGCCAGGGAACCUUUGGAUUACAUGGGC	2	2.0	0.2	5047	5451	404	['Unknown']	5	['UUACA']	alvfasta	['SRR7719537.48578786.1', 'SRR7719537.10622881.1']
GGCCACACCTAGCATCGAGAAACCAGCAAC	GGUCCGGAGUGCAUCGAGAAACCAGCAACG	GGAAACGGCCACACCUAAAACCGUUGGCAC	2	2.0	0.2	892	993	101	['Unknown']	5	['GAAAC', 'AAACC']	alvfasta	['SRR7719537.41627132.1', 'SRR7719537.10707332.1']
TGCTGCCAACGAGAGTTACTTACCGTTCTT	GACCUACCGUUCUUACAGAAGGACCCCCGG	UGCUGCCAACGAGAGUUAACUAUAUUCUCA	5	2.0	0.2	5047	5360	313	['Unknown']	4	['UUCU']	alvfasta	['SRR7719537.11188371.1', 'SRR7719537.16751240.1', 'SRR7719537.20616664.1', 'SRR7719537.52821817.1', 'SRR7719537.11188213.1']
CCGCGAACCCGCAGATTGGTTTTGGGGGCA	CUGGGGAUUGGUUUUGGGGGCAUUGAAGGC	CCGCGAACCCGCAGAUCCAUGGGAUAGGAG	2	2.5	0	786	2474	1688	['Unknown']	5	['GGGAU']	alvfasta	['SRR7719537.46727880.1', 'SRR7719537.11244974.1']
GGGGGGAACGGACTAACAAGACTGGCTGAT	AGCCAAAAUUGAUCACAAGACUGGCUGAUA	GCGGGGGGAACGGACUAACUUGGAUCGUUU	4	2.0	0.1	1328	1572	244	['Unknown']	4	['GAUC', 'GACU']	alvfasta	['SRR7719537.32021695.1', 'SRR7719537.32021992.1', 'SRR7719537.50826846.1', 'SRR7719537.12095661.1']
CCTGCCGTCTCGTTAGCAATCCAGAGGGTC	GGAUGGAAUGGCCGGCAAUCCAGAGGGUCA	CUCAGCAGCCUGCCGUCUCGUUAGCGAUGA	4	2.0	0	1614	2279	665	['Unknown']	4	['GAUG', 'GCCG']	alvfasta	['SRR7719537.17893566.1', 'SRR7719537.37776998.1', 'SRR7719537.37868484.1', 'SRR7719537.12900567.1']
CTCGTTAGCGATGACAGGCGGACGGAATGG	UCGUUUAAAGGGUUUGGCGGAUGGAAUGGC	CCGUCUCGUUAGCGAUGACAAUGGAACAUA	3	2.0	0	1596	2291	695	['Unknown']	6	['AUGGAA']	alvfasta	['SRR7719537.18004059.1', 'SRR7719537.42010310.1', 'SRR7719537.13854662.1']
TCACTTACTCAAGCAAACAAGCAAGAAAGA	GAGAAACCGCUAGCAACAAGCAAGAAAGAC	GCAGCCAGGGAACCUUUGGAUUACAUGGGC	6	2.1666666666666665	0.3	5314	5451	137	['Unknown']	4	['AACC']	alvfasta	['SRR7719537.15748736.1', 'SRR7719537.32967528.1', 'SRR7719537.44467713.1', 'SRR7719537.48326369.1', 'SRR7719537.54264348.1', 'SRR7719537.14951394.1']
GGATCAGGGAGGAGCTTGCGAGTACGATCC	GGAGUGCAUCGAGAAACCAGCAACGGAGCG	GGAUCAGGGAGGAGCUUGCGAGUACAGGUC	2	2.0	0.3	897	1238	341	['Unknown']	5	['GGAGC']	alvfasta	['SRR7719537.42432210.1', 'SRR7719537.15421018.1']
GCAGCCAGGGAACCTTTGGATTAAAAGGAT	ACCGGACAUCACCCAAAAGGAUGAGGUGAC	GCAGCCAGGGAACCUUUGGAUUACAUGGGC	4	2.0	0.1	5204	5451	247	['Unknown']	4	['ACAU', 'GGAU']	alvfasta	['SRR7719537.17992776.1', 'SRR7719537.42930184.1', 'SRR7719537.53362927.1', 'SRR7719537.15949396.1']
CCAGGGGGGTGACACACCAGCAACGGAGCG	GAGUGCAUCGAGAAACCAGCAACGGAGCGG	GGGGGGUGACACACCUCGGGGGGCGGAACA	3	2.0	0.2	898	1146	248	['Unknown']	4	['CGGA', 'GCGG']	alvfasta	['SRR7719537.42539684.1', 'SRR7719537.44207037.1', 'SRR7719537.17056824.1']
GCCTGCCGACGGAATGGCCGGCAATCCAGA	UUGGCGGAUGGAAUGGCCGGCAAUCCAGAG	CUCAGCAGCCUGCCGUCUCGUUAGCGAUGA	3	2.0	0	1609	2279	670	['Unknown']	4	['GAUG', 'GCCG']	alvfasta	['SRR7719537.28776563.1', 'SRR7719537.34693728.1', 'SRR7719537.17108387.1']
AGACCCGTGGGCGGATAGCGGCAGCCACTC	CUACAGACGGUUAUAGCGGCAGCCACUCGC	AGACCCGUGGGCGGAAAUUACGCAGGGACC	2	2.0	0.4	1513	1734	221	['Unknown']	4	['AGAC', 'GCGG', 'GCAG']	alvfasta	['SRR7719537.38539083.1', 'SRR7719537.17507021.1']
ATTACATGGGCCAACTGGATACCCTGGGGA	UGCAGGCAUUUCUGACUGGAUACCCUGGGG	AUUACAUGGGCCAACCGUACAGGCCAAACG	5	2.0	0	5261	5470	209	['Unknown']	5	['CAGGC']	alvfasta	['SRR7719537.34699893.1', 'SRR7719537.34700294.1', 'SRR7719537.39594758.1', 'SRR7719537.42922982.1', 'SRR7719537.18014943.1']
AACCAGCAACGGAGCGAAGGCGGCTCGAGA	GUUUUGGGGGCAUUGAAGGCGGCUCGAGAG	ACCAGCAACGGAGCGGCGAAUCGACAAGGG	2	2.0	0.2	796	912	116	['Unknown']	5	['GCGGC']	alvfasta	['SRR7719537.51689469.1', 'SRR7719537.18216135.1']
AGGGCCAGGGGGGTGACCAGCAACGGAGCG	GAGUGCAUCGAGAAACCAGCAACGGAGCGG	GCAGGGCCAGGGGGGUGACACACCUCGGGG	2	2.0	0.2	898	1137	239	['Unknown']	4	['CCAG']	alvfasta	['SRR7719537.20677952.1', 'SRR7719537.18614359.1']
GCAGCCAGGGAACCTTTATGCCGCTGTGAA	AAGGAUGAGGUGACUAAGAAAGAUGAGGCG	GCAGCCAGGGAACCUUUGGAUUACAUGGGC	2	2.5	0.2	5220	5451	231	['Unknown']	4	['GGAU']	alvfasta	['SRR7719537.35453030.1', 'SRR7719537.19025390.1']
CCATGGGATAGGAGGACCAGCAACGGAGCG	GAGUGCAUCGAGAAACCAGCAACGGAGCGG	CCAUGGGAUAGGAGGGGGAAUUCCCAUGCG	2	2.0	0.2	898	2490	1592	['Unknown']	4	['GGAG']	alvfasta	['SRR7719537.37981218.1', 'SRR7719537.19340038.1']
GTCAGCCACCTCCCCTTTTCAAACATAGGT	UGAUAAGGUUAUUUGGGUACCCUCUCGAAA	GUCAGCCACCUCCCCUUUUCAAACAUGUUU	4	2.0	0	5168	5520	352	['Unknown']	4	['CCCU', 'CCUC']	alvfasta	['SRR7719537.30579401.1', 'SRR7719537.50577813.1', 'SRR7719537.54693325.1', 'SRR7719537.19553192.1']
GCCGCATGACGTCACGGGGGCATTGAAGGC	UGGGGAUUGGUUUUGGGGGCAUUGAAGGCG	ACAAGGGGGAGGAAGUGGGAGAAACAACUG	2	2.0	0	787	935	148	['Unknown']	5	['GGGGA', 'GGGGG']	alvfasta	['SRR7719537.26755585.1', 'SRR7719537.20121914.1']
TGGAAGCGCTTAGATGGCGCCGGAGGAAAC	CGAGAUGCGAAGAUGGCGCCGGAGGAAACG	CAGAAGUGGAAGCGCUUAUGUCCUCCCCGC	4	2.0	0.2	970	1397	427	['Unknown']	4	['GAAG', 'GCGC', 'GGAA']	alvfasta	['SRR7719537.23087611.1', 'SRR7719537.33739158.1', 'SRR7719537.33739964.1', 'SRR7719537.21215843.1']
GGTCAGGCTGCGTTATTAAAGCGCTTACGG	GAGUCCAACUACAGACGGUUAUAGCGGCAG	GGUCAGGCUGCGUUAUUAAGACCGGGGGAA	2	2.0	0.4	1505	1639	134	['Unknown']	5	['GUUAU']	alvfasta	['SRR7719537.22508420.1', 'SRR7719537.22504702.1']
CGTCTCGTTAGCGATGAAAGTCAGGAAACA	GUGCCCGAAAAAACGAAAGUCAGGAAACAG	CCGUCUCGUUAGCGAUGACAAUGGAACAUA	2	2.0	0.1	2130	2291	161	['Unknown']	4	['GGAA', 'AACA']	alvfasta	['SRR7719537.42813585.1', 'SRR7719537.23417656.1']
ATCAGGGAGGAGCTTAGCAGCAGGGCCAGG	GGCGGGGGUGGGAGAGCAGCAGGGCCAGGG	GGAUCAGGGAGGAGCUUGCGAGUACAGGUC	4	2.0	0.4	1119	1238	119	['Unknown']	5	['GGGAG', 'CAGGG']	alvfasta	['SRR7719537.33069646.1', 'SRR7719537.53165145.1', 'SRR7719537.53165993.1', 'SRR7719537.25679754.1']
TCCTGCTGAGTGCATCGAGAAACCAGCAAC	GGUCCGGAGUGCAUCGAGAAACCAGCAACG	ACCGUUGGCACAUCCUGCUAUCAUUGCGGA	2	2.0	0.2	892	1012	120	['Unknown']	4	['CGGA', 'CAUC']	alvfasta	['SRR7719537.35331140.1', 'SRR7719537.26361904.1']
GCGATGTCAGCTGTGTAGAAACCAGCAACG	UCCGGAGUGCAUCGAGAAACCAGCAACGGA	GCGAUGUCAGCUGUGUGACGGGAUGGGACA	2	2.0	0.4	894	2166	1272	['Unknown']	4	['CAGC', 'ACGG']	alvfasta	['SRR7719537.46187042.1', 'SRR7719537.29107969.1']
CTCCCCTTTTCAAACAAAGGATGAGGTGAC	CCGGACAUCACCCAAAAGGAUGAGGUGACU	GUCAGCCACCUCCCCUUUUCAAACAUGUUU	3	2.0	0.2	5205	5520	315	['Unknown']	4	['ACAU', 'CACC', 'CAAA']	alvfasta	['SRR7719537.42392688.1', 'SRR7719537.51048841.1', 'SRR7719537.30740460.1']
TCCAGGCGTTTAGAGACAAGACTGGCTGAT	AGCCAAAAUUGAUCACAAGACUGGCUGAUA	CGGCUCUCCAGGCGUUUAGAGAGGUCGCUC	2	2.0	0.1	1328	1688	360	['Unknown']	4	['GGCU']	alvfasta	['SRR7719537.52368123.1', 'SRR7719537.31314641.1']
AGAAAGATGAGGCGACCGTTCTTACAGAAG	GACCUACCGUUCUUACAGAAGGACCCCCGG	AGAAAGAUGAGGCGAGCCCUCUUUUUGCAG	2	2.0	0.2	5047	5236	189	['Unknown']	4	['UCUU', 'AGAA']	alvfasta	['SRR7719537.47200858.1', 'SRR7719537.33511122.1']
GCCTGCCGTCTCGTTGCAGTGCCCGAAAAA	GGACAUUAUCAGGCGCAGUGCCCGAAAAAA	CUCAGCAGCCUGCCGUCUCGUUAGCGAUGA	2	2.0	0.2	2113	2279	166	['Unknown']	4	['UCAG', 'GCAG', 'UGCC']	alvfasta	['SRR7719537.33880290.1', 'SRR7719537.33878997.1']
ATCCAGAGGGTCAGGGGACGCTTGGGGAGT	AUGGAUGGACGCUUGGGGAGUCCAACUACA	AUCCAGAGGGUCAGGCUGCGUUAUUAAGAC	2	2.0	0	1488	1631	143	['Unknown']	4	['UCCA']	alvfasta	['SRR7719537.52164743.1', 'SRR7719537.51716266.1']
